,Linear Regression,Ridge Regression,LASSO Regression,Quadratic Regression,Random Forest Regression,Gradient Boosting Regression
1 Av (L),0.6238839186589065,0.6235736661891844,0.6144337606632672,0.7435919123685447,0.6752571530010381,0.639927649754668
103 St (1),0.6638528752263453,0.6637583852468094,0.6459106493980387,0.7784752387437313,0.7179195343632145,0.6699819435679828
103 St (6),0.6852361376454215,0.6851513554416463,0.6709697509013794,0.7921583209598257,0.7227470974290612,0.7183223482008676
"103 St (B,C)",0.6314830292251328,0.631701675588243,0.5820769107636289,0.7643429563180046,0.6890398616861351,0.6667345536425546
103 St-Corona Plaza (7),0.5892873504558367,0.5895012862924951,0.5871004544004718,0.705008125519005,0.6245703848919191,0.6566261169772427
104 St (A),0.6721698666388625,0.6719137698829841,0.5770610386350928,0.8353440845250857,0.7930863871187683,0.7955575551190982
"104 St (J,Z)",0.6433908426056163,0.6432931219193494,0.5784378818480425,0.7540295275166077,0.6782680092055591,0.7132847731519723
110 St (6),0.6684193023163016,0.6685300823287258,0.6462771320717542,0.7722906833151851,0.7059344154466947,0.6915120172790321
111 St (7),0.7308602083995404,0.7308301271547035,0.7193684231415229,0.875550778194588,0.8369059291639739,0.8383851498362955
111 St (A),0.6573186901241771,0.6574687624634972,0.6120271177992738,0.8422684654688969,0.8030827011072033,0.8136847645363111
111 St (J),0.6471764859834894,0.64729585951385,0.5355394293648055,0.7548581373423239,0.6769035501851255,0.6941189178402016
"116 St (2,3)",0.6615470558190041,0.6613532117313747,0.6323211009067776,0.775290448298869,0.711010835654297,0.684742526244942
116 St (6),0.6940236217420845,0.6939154866972542,0.6791046276157591,0.7829426625945424,0.7056125520860641,0.695539833049877
"116 St (B,C)",0.6373698586966507,0.6373579082770364,0.6003441900207299,0.776237953319397,0.7036288350414031,0.6760996488264152
116 St-Columbia University (1),0.654898916093102,0.6549655414682608,0.6491726745291453,0.7705527819425697,0.704928579682476,0.7020426729753828
"121 St (J,Z)",0.6280371544932379,0.6277997123070189,0.4985528850087806,0.7496673986770352,0.6718368468027892,0.6749681762524709
125 St (1),0.6583669908517401,0.6583313862453599,0.6264876049227786,0.7507768112119161,0.660422036767236,0.662265760524144
"125 St (2,3)",0.6907826766203045,0.6907085146980164,0.6719413720700971,0.7732987114682901,0.6903677405938945,0.6773924777062983
"125 St (4,5,6)",0.654053165797646,0.6541728117459711,0.6487858997567711,0.7519203513765431,0.6661995574013864,0.6871009946810858
"125 St (A,B,C,D)",0.6808975533873518,0.6809744343248934,0.6736301030862517,0.7713866401895622,0.6829092359942679,0.6844073133446511
"135 St (2,3)",0.6786079867622645,0.6785468464648826,0.657350791658909,0.7900679229789006,0.7119492217990632,0.6939550050417314
"135 St (B,C)",0.6421284224177137,0.6419821112116062,0.5950788806422711,0.761161773238381,0.6732018015089293,0.6556632837605404
137 St-City College (1),0.6687888201613594,0.668725321569636,0.6514810196815419,0.7572662737744055,0.6785169152926385,0.6662925111866924
"138 St-Grand Concourse (4,5)",0.6767299650842845,0.676602244547883,0.5950389294110219,0.785796255058171,0.7129245909910578,0.7061805184354608
"14 St (A,C,E)/8 Av (L)",0.703228645366825,0.7034464181771755,0.7027464497784492,0.7658019411526592,0.6796447850866225,0.707442973257862
"14 St (F,M,1,2,3)/6 Av (L)",0.6289710737991446,0.6291767346327904,0.6272518137803769,0.6948228196925008,0.5869502686639896,0.6324154338738148
"14 St-Union Sq (L,N,Q,R,W,4,5,6)",0.7078110557130235,0.707986249498436,0.7074836642201194,0.7668021438753966,0.6771303633793714,0.7089473545051599
145 St (1),0.6618935068635027,0.6618346573976912,0.6368413322152828,0.7738999766427811,0.7193753985076449,0.6762116118158189
145 St (3),0.6249803705871706,0.6250376019502635,0.5397799320738736,0.7775549756584381,0.7128233940628862,0.6960425170472552
"145 St (A,B,C,D)",0.6537389276204201,0.6538281090052749,0.6458416499064077,0.7538876722124583,0.6720887467316963,0.6634094287675439
"149 St-Grand Concourse (2,4,5)",0.6627693462778596,0.6627899585220107,0.640009917157221,0.7593246322161423,0.6791592067391106,0.6851464178469936
"15 St-Prospect Park (F,G)",0.5419270224290338,0.5420851622355989,0.5191285463870101,0.7268271363140358,0.6288466411296117,0.6500108467591179
"155 St (B,D)",0.6713731717836657,0.6713479363298094,0.5650605564027056,0.7996262120833186,0.7359156673562108,0.7261010021869586
155 St (C),0.6146291133907036,0.6146074856501363,0.47470972336200046,0.7481516524795531,0.6825431656323357,0.6617766675365497
157 St (1),0.68446226243036,0.684700040410755,0.6620222497867363,0.7837385823223121,0.725408109846396,0.6933089624005352
"161 St-Yankee Stadium (B,D,4)",0.14671048385957486,0.14669472680056084,0.14367141106784231,0.18987930159204336,0.04050357005080529,0.16708456150657358
163 St-Amsterdam Av (C),0.6577756887738953,0.6578328773631643,0.5808894220404526,0.7644298026052497,0.6924541909845865,0.687526344385464
167 St (4),0.7010809226458647,0.7013669949910937,0.6797733709596898,0.7957810575393827,0.7361495778108542,0.7254034683984361
"167 St (B,D)",0.7079731491836123,0.7078708881896765,0.6767183651118365,0.8030414030952913,0.7363731382151382,0.7302215993443679
"168 St (A,C,1)",0.6783645556767463,0.6785403142588828,0.6745150290524857,0.7838606030718663,0.6993101279796554,0.714527205361539
169 St (F),0.6783923465669865,0.6782136114116342,0.6440353345678153,0.7822563638279643,0.7129971974947433,0.6995672427547417
170 St (4),0.6954158045281748,0.6955608280336412,0.6619060332373045,0.8028826785176483,0.7449946685998835,0.7318936172665975
"170 St (B,D)",0.7100724843135885,0.7099675382350248,0.6748452988637998,0.8215939072937951,0.7484007528165173,0.7598951501976684
"174 St (2,5)",0.68685931099916,0.6869230519559549,0.6367181228067048,0.8085787228059756,0.7434064172294044,0.7239530122358147
"174-175 Sts (B,D)",0.708770076348129,0.7087487867474687,0.6410894262659037,0.8068055788877556,0.7347141278339417,0.7296073501969362
175 St (A),0.6365270925119044,0.6364534734731522,0.6172174248897355,0.7637411638045747,0.7043878300840007,0.6800792437551955
176 St (4),0.7020818152256055,0.7019976162976906,0.6480136298468474,0.804677557511668,0.7422780291539701,0.7349217951304687
18 Av (D),0.6850569114988139,0.6848641993676112,0.6569613304369277,0.814664872251293,0.761964148189039,0.7579985839199318
18 Av (F),0.6750636894539143,0.6747213742673047,0.6118628151535683,0.7902745984636259,0.723097862370918,0.7187940577927283
18 Av (N),0.6910237020257421,0.6909047984570638,0.6541457008474227,0.7958865362745606,0.7350314151965877,0.7249011851811604
18 St (1),0.6409094988639462,0.6408367944241037,0.6175458036967125,0.7254830724446182,0.6393137817669763,0.6589262503484801
181 St (1),0.6382603019893858,0.6381046585352099,0.616035666492726,0.7289235464483123,0.6509004564858911,0.6387405959055872
181 St (A),0.6824164466204994,0.6823559847472233,0.6664893564111176,0.8241047967789435,0.7753815392625619,0.7475353186381501
"182-183 Sts (B,D)",0.7236746592782517,0.7235310549396189,0.6665525090350004,0.8162678385037279,0.7537273035569179,0.7563107016989574
183 St (4),0.6896335539452924,0.6896370128368674,0.6520182810278978,0.7957816432835162,0.7316672540292275,0.7411931721088927
190 St (A),0.594972284860591,0.5948054438514324,0.5503320973912581,0.7541884027756782,0.6878310857901434,0.6601059562994357
191 St (1),0.6617411091420469,0.6616516094673167,0.6344180042848253,0.7636228821814268,0.6845461806774908,0.6909089441156431
2 Av (F),0.5645933149156744,0.5648432191739703,0.5606598986444745,0.6863778503093632,0.5924296131283404,0.5931509218573155
20 Av (D),0.674176956796777,0.6739409166602243,0.637748102063633,0.8217257652349181,0.7900350462017326,0.7621384901815644
20 Av (N),0.6791438342602398,0.6793429518777226,0.644249684233234,0.8064149408053628,0.7511141422042681,0.7467099233404106
207 St (1),0.6677671576710645,0.667733961733298,0.62065413580801,0.7736504931689097,0.700076111529855,0.6841716826998159
21 St (G),0.5709582778179365,0.5709035936545579,0.48113693538586944,0.6452211293563971,0.5694222088249563,0.5934553130250858
21 St-Queensbridge (F),0.7266989783179323,0.7263515712782747,0.7022440213337477,0.8215861740246482,0.7585189618381896,0.7298067559074221
215 St (1),0.5532450239222273,0.5532108553821158,0.409430086489042,0.6430175678397022,0.5711040041097938,0.5803111277510822
"219 St (2,5)",0.6674743728292075,0.6672668016817993,0.5756368185206893,0.8172232025457232,0.7685968694765469,0.7628217726812706
"225 St (2,5)",0.6566752424974978,0.6566534215419375,0.575499225752713,0.7886781637182712,0.7194228944216803,0.7375377425923331
23 St (1),0.68062903626776,0.6806646720327878,0.6679743615194145,0.745366552420252,0.6595249643753903,0.6713328298599177
23 St (6),0.6556777188021583,0.6558776142554872,0.6521369206561474,0.7831861683567075,0.7062286926888159,0.6887450744054879
"23 St (C,E)",0.6435946371587211,0.6436767757994168,0.6360450423689189,0.757109214934303,0.6736689724833688,0.6761557492662311
"23 St (F,M)",0.6740468936260818,0.6741464327144447,0.6704575221379379,0.7847614263420499,0.7160964221984282,0.7173933213246593
"23 St (R,W)",0.7267497864962915,0.7270351259567089,0.7233252363858693,0.790422837557316,0.7048280307811858,0.7421502311128405
231 St (1),0.6574042574648515,0.6572267826231362,0.6310559388522455,0.8029979143409831,0.7446402174951585,0.7178864946700212
"233 St (2,5)",0.6646455731976726,0.6647329637847684,0.602106279038426,0.7950239983082807,0.7484814130446014,0.7263146740635212
238 St (1),0.6255451822461281,0.6252119393020449,0.5779677614672555,0.7893434971716959,0.73029704409069,0.7171824981035082
25 Av (D),0.6728525169329481,0.6730165046298434,0.6414699767222514,0.8073822632088394,0.7564283968589732,0.7611731750114435
25 St (R),0.6362453028550137,0.6363797540400906,0.5681473206585466,0.7695179201824994,0.7080263745348838,0.6926341323939276
28 St (1),0.6655648121251572,0.6656188954910787,0.6539155997693334,0.7801019927571524,0.7111759411610843,0.6950710190644043
28 St (6),0.6528524936968596,0.6529828682010965,0.6449673626497375,0.7728795228880299,0.6842323951751179,0.7048989668911525
"28 St (R,W)",0.6766289913545833,0.6765907868417642,0.6646374289184198,0.7467691232075118,0.6800915718885985,0.6979616282451091
3 Av (L),0.6935197020045465,0.6935074658347873,0.6713584017642236,0.7598769609368998,0.6786264408593405,0.6886892702084283
3 Av-138 St (6),0.6550544106949534,0.6551967934892892,0.6321981003955787,0.753411519874151,0.6685158326826136,0.6892781962476112
"3 Av-149 St (2,5)",0.6834308159802083,0.6832914305733144,0.6677533922688715,0.7831297132137391,0.7022919298620894,0.686963106203477
"30 Av (N,W)",0.6220089797225797,0.6220546902300386,0.6136610390961813,0.7843672743579417,0.7154268302888012,0.7133841761139125
33 St (6),0.6704832547568844,0.670430446605323,0.6660873648584726,0.7858353372383977,0.6995643302970884,0.7117151719614432
33 St-Rawson St (7),0.643352824650975,0.6433799985152513,0.6347776861383201,0.7958281395499781,0.7280928481660488,0.7512580306114108
"34 St-Herald Sq (B,D,F,M,N,Q,R,W)",0.6874492514350905,0.6877140645915367,0.6873964682232785,0.7774442418008787,0.6984515562640412,0.7129437837907064
34 St-Hudson Yards (7),0.6563231548406496,0.6563928899672695,0.6548036656667942,0.743584909895072,0.6494851137325879,0.6942565059110506
"34 St-Penn Station (1,2,3)",0.5692131857431371,0.5692012013827517,0.567841584624461,0.7524972345944336,0.6863533385288576,0.6728241845789458
"34 St-Penn Station (A,C,E)",0.5913021042108908,0.5914151446972828,0.5904164934698392,0.7411282991090484,0.6354695979492349,0.6478292728054063
"36 Av (N,W)",0.623647332354379,0.6233733252132782,0.584867410294421,0.7614650285657876,0.6745164401722961,0.6782004473168322
"36 St (D,N,R)",0.6823341899529705,0.6820560287696167,0.6707482653934236,0.7870232673176657,0.7196203195409375,0.7070915058775394
"36 St (M,R)",0.65023230252542,0.6502311769749706,0.5959478239178606,0.7928274151021524,0.7288751457279592,0.7175125627787764
"39 Av (N,W)",0.6089100278088337,0.6089357042185077,0.5377735492819123,0.7348024973956656,0.6445595974599286,0.6490854131170056
"4 Av (F,G)/9 St (R)",0.6245624005431712,0.6245188781001094,0.6083029693237596,0.7645611821887198,0.6912958298323448,0.6740221556790702
40 St-Lowery St (7),0.6527199504858809,0.6524887918001161,0.6333341155851677,0.7950718330201032,0.7137722275945815,0.7009098436444162
45 St (R),0.6477886398070576,0.6476677171429643,0.6194931973330366,0.760323370354712,0.6793623595115523,0.6947887069745958
"46 St (M,R)",0.65915642934093,0.6588930248213363,0.6339272183159783,0.8130231233063013,0.7543928349290826,0.7321439038542467
46 St-Bliss St (7),0.6609505571816152,0.661069567936012,0.6504546133601906,0.7848925692128171,0.7147266058489358,0.7099879537267251
"47-50 Sts-Rockefeller Center (B,D,F,M)",0.6532001590534985,0.6531829994697176,0.6527890307822184,0.8313811877270172,0.776252086938589,0.7815518371812804
"49 St (N,R,W)",0.6631622795387802,0.6635017087696342,0.6611871499602273,0.75186675753978,0.6571052567824625,0.6887210932802721
"5 Av-53 St (E,M)",0.6593086870417084,0.6593921081614468,0.659167437958637,0.8286944561978185,0.7600476321958325,0.7806385151667525
"5 Av-59 St (N,R,W)",0.754074076045518,0.7543387692398484,0.7519813938858176,0.8174463871832143,0.7548716909162724,0.7859882837896166
50 St (1),0.6447392065328299,0.6449913159656335,0.6416264179298872,0.7650936514347113,0.6748785183208057,0.7031528527968507
"50 St (C,E)",0.6272055520886953,0.6269857819539771,0.6166346029160563,0.7135603785457665,0.6695590575252661,0.6281340960888426
50 St (D),0.6503064119547048,0.6500911186473632,0.5726478179937834,0.7685753332381902,0.6992065043738072,0.6858419744954057
52 St (7),0.6624281927002117,0.6625455225972839,0.6330917986927938,0.8010487037883306,0.7450773045075069,0.7265325745160047
53 St (R),0.6622047361265373,0.6622435928862911,0.6380615007085498,0.7779001930997052,0.6982575524028928,0.709379380664644
55 St (D),0.6383084951876676,0.6384513045518385,0.47110661988216007,0.7625241188365213,0.6976588931533,0.6770190617912137
57 St (F),0.7301916664865864,0.7300467547281897,0.7249509151003511,0.8044628792538846,0.7308283832551061,0.7526246768428518
"57 St-7 Av (N,Q,R,W)",0.6941438611621826,0.6944394333845421,0.6927050953636082,0.768908227527703,0.6807008926519209,0.7150319000384553
"59 St (N,R)",0.6590502116020893,0.6590470836100751,0.6492802888691716,0.7806845488284617,0.7156858656226986,0.7163436917613012
"59 St-Columbus Circle (A,B,C,D,1)",0.7252604688352787,0.725446476563562,0.7244910538990381,0.7875332482417324,0.7078448642932123,0.7323040179858137
"63 Dr-Rego Park (M,R)",0.6644705487460411,0.6645608776612271,0.6544272518449369,0.8050662389138586,0.7431948818744452,0.7308798353062047
"65 St (M,R)",0.6614497831272204,0.6614409626084838,0.5856640164085671,0.7965417663000154,0.7249656552956742,0.7245023028671258
66 St-Lincoln Center (1),0.655021918619005,0.6549019497626271,0.6477030027193836,0.7305075877187543,0.6329970758776958,0.6653623335373238
"67 Av (M,R)",0.6370302100006988,0.6371485002358145,0.6251542225417399,0.7968691081768058,0.7334504867679579,0.7456218270556142
68 St-Hunter College (6),0.6412126597173406,0.641185115595298,0.6378091623765793,0.7729697190285628,0.7016343311368525,0.7041212813511603
69 St (7),0.6561711335870464,0.6560479496964722,0.6164146730031008,0.769907756492273,0.710443515791109,0.6919816874807995
"7 Av (B,D,E)",0.6339120619594951,0.6341355030475887,0.6293859655051777,0.7615276342768635,0.6964580714108826,0.7025498630715177
"7 Av (B,Q)",0.5859768924990008,0.5861380979051038,0.5750205769325253,0.7683137300886494,0.6990484339096643,0.6592149056023369
"7 Av (F,G)",0.6092180849509098,0.609234847320526,0.5975313175114358,0.7755174993722304,0.6921904671093123,0.6786205646303993
71 St (D),0.682593661259401,0.6824391786533122,0.6570153035612797,0.8170619772422847,0.7513419048562233,0.7703359660202704
"72 St (1,2,3)",0.6629893915122693,0.6631711479964086,0.6609273796649248,0.7419514309695145,0.6541301922576579,0.6619578560557504
"72 St (B,C)",0.6671519198465143,0.6672248003775509,0.6537177254636807,0.7316911532739236,0.6513101183313312,0.6726187559201967
72 St (Q),0.6679590822209547,0.6678673042472796,0.6651820537664739,0.802608731031288,0.7375131692319645,0.7324627110419497
"74-Broadway (7)/Jackson Hts-Roosevelt Av (E,F,M,R)",0.6191262542602349,0.6192912579361287,0.6184925001038668,0.7122388132545658,0.6410202007762849,0.6395250820064654
"75 Av (E,F)",0.6244038421840393,0.6243732399976851,0.5504057296439666,0.8117679809507217,0.7469355667191877,0.7364969937207684
"75 St-Elderts Ln (J,Z)",0.7008995723499718,0.7006871454338339,0.6261430418131297,0.815288464229722,0.754227285547724,0.7718237013483583
77 St (6),0.6916105161725491,0.6915989313607531,0.6888435687182477,0.7944762522260675,0.726420155153032,0.7323980700129168
77 St (R),0.6075776837600704,0.6076177981069362,0.5724805645416113,0.7911696786884677,0.7166377885831227,0.7135569002175496
79 St (1),0.6875724995520338,0.6875230124298384,0.6757770322897054,0.7735552375506941,0.6987694514578808,0.693093598605783
79 St (D),0.6793671911679696,0.6792068343148534,0.6559912401975865,0.8156920771319691,0.7623281758296065,0.7552864664444623
8 Av (N),0.6801631395356119,0.6800150979173833,0.6628800887489084,0.7715960280078218,0.7018639864635213,0.672312165020181
"8 St-New York University (R,W)",0.6696418889103954,0.6696794057593173,0.6615414164824991,0.7429167773670043,0.6594560131358622,0.6662800099441879
80 St (A),0.6723445027901989,0.6722887250792406,0.6408978102474716,0.8273718407163341,0.7695303923345089,0.7784363514452923
"81 St-Museum of Natural History (B,C)",0.7134410884622913,0.7134718903453933,0.7082595495874411,0.7600102950497567,0.6971691468321818,0.728556249762246
82 St-Jackson Hts (7),0.7504634185231925,0.7503067036706728,0.7327236829713334,0.8545989921883302,0.8304237446034277,0.7509603428665901
85 St-Forest Pkwy (J),0.6394049326814951,0.6395257848437375,0.6060349825603757,0.7594319501039961,0.6859664809409365,0.7181485567513506
86 St (1),0.6707675821382519,0.6707137542091455,0.659560630310175,0.7736631774068206,0.6977304817851736,0.678610873273638
"86 St (4,5,6)",0.6948402817610653,0.6950034313804835,0.693863446150226,0.7755771113848109,0.6918144046116741,0.706091222031489
"86 St (B,C)",0.671244800685826,0.6712456380338989,0.6597072504992769,0.7675192344199868,0.69114456807331,0.6971183819785405
86 St (N),0.6798647912338953,0.6799284344357572,0.5810022253157343,0.7891693599161025,0.7295811656441031,0.7242669668311879
86 St (Q),0.6072765404878727,0.6074242022749772,0.6045263038187898,0.779086478721696,0.7057016197617814,0.6923044018671922
86 St (R),0.6540679724968691,0.6539946209626646,0.636092857293346,0.7884888235560936,0.7235120061079419,0.7048129792097769
88 St (A),0.6917062394775737,0.6915412304777722,0.6421172754510623,0.8371033382510469,0.7858980967190072,0.7965431262862386
9 Av (D),0.687853297311003,0.6879495092292978,0.6559506629559392,0.8074889701373488,0.7399044561548829,0.7479524051736879
90 St-Elmhurst Av (7),0.645036934303333,0.6452056576984746,0.6386010566227176,0.7526801281796571,0.6828951868616266,0.6841763048078818
"96 St (1,2,3)",0.6604555644895531,0.6605502288131719,0.6575413571566784,0.7633157603174325,0.6655238743059431,0.6756659495070331
96 St (6),0.6698424912695125,0.669970947348945,0.6648480472260592,0.7957381476227119,0.7165532278915117,0.7203287645839626
"96 St (B,C)",0.6802496745798329,0.6801464823704975,0.6662171426618122,0.8032369842719433,0.7390574044852767,0.7035298884125671
96 St (Q),0.6662541301449236,0.6663699279509929,0.6599156439686227,0.7901805560397406,0.7056909055966374,0.7177327029949327
Alabama Av (J),0.6406931432807683,0.6406154278621937,0.4207232790554778,0.7325807274076468,0.6439126940007114,0.6487889583989301
"Allerton Av (2,5)",0.6848218026826598,0.6845824103613927,0.6283210829418218,0.8138893536338349,0.7498578550885258,0.7562235815198295
Aqueduct Racetrack (A),0.5663366674023159,0.5663531209951594,0.21891003176068968,0.6466525246184667,0.5566547583209158,0.5831655784935159
Aqueduct-North Conduit Av (A),0.579074665483563,0.5791217856754802,0.38959312738417085,0.7719595634704562,0.7179564980383526,0.7343602713723367
Astor Place (6),0.6405648030273843,0.6407719894636599,0.6304825414999595,0.7492689632035456,0.6575979939122705,0.6542825791457182
"Astoria Blvd (N,W)",0.6411876282501763,0.6411297695172673,0.6286487314847846,0.8085043663541098,0.7572376165711424,0.7388298115951273
"Astoria-Ditmars Blvd (N,W)",0.6387001761612446,0.6389736295865375,0.6319181166674148,0.8002145408746315,0.7415502286182583,0.7358767287134926
Atlantic Av (L),0.6312475339814261,0.6312638498274028,0.43833203520322017,0.7748832668955333,0.70714628598744,0.7005104537069231
"Atlantic Av-Barclays Ctr (B,D,N,Q,R,2,3,4,5)",0.5746605968102605,0.5746981112751348,0.571861243955444,0.6643473010437189,0.5615218446684129,0.596689868528934
Avenue H (Q),0.6520774676242751,0.6521219567089322,0.5661025312528067,0.7651003249012434,0.6789919105813256,0.6793167019119744
Avenue I (F),0.640275201111172,0.6401750713863439,0.49432436583257144,0.7458982421339021,0.6811021959908397,0.6696374899820741
Avenue J (Q),0.6825156788969433,0.6826823199329994,0.6425478404487974,0.7866821005237851,0.7105318459047372,0.7039473477652807
Avenue M (Q),0.6709256173292821,0.6709258473833108,0.638833476803792,0.7778193113472988,0.7129259004732784,0.6884928010948606
Avenue N (F),0.6753749053164931,0.6755141254146242,0.6150097439158916,0.8107529602879426,0.7599330531358344,0.7529992689853369
Avenue P (F),0.6906937685871803,0.6906150588780696,0.6229744550861833,0.812399034028919,0.7659424108707904,0.7601264961612477
Avenue U (F),0.6550533968908567,0.6550279663139466,0.5350909108235842,0.7609704016795368,0.687980201467389,0.7109491475825196
Avenue U (N),0.6957389446590379,0.6955308453479261,0.6537035313383532,0.7983599749771302,0.7345727146049805,0.741859896485372
Avenue U (Q),0.6853591719405455,0.685362885182006,0.6603871297749313,0.7942853825355993,0.7353482443599578,0.7310891440615234
Avenue X (F),0.6910350107216552,0.6907569273502754,0.6011547881883004,0.7908743913698346,0.7287828395840141,0.7300378059875671
Bay 50 St (D),0.6718190465610316,0.6716835066196365,0.5963171946645448,0.7901391849496534,0.7317706197336233,0.719529046633641
Bay Pkwy (D),0.6603612655724519,0.6603249533998657,0.6379731453158891,0.8046125261906885,0.7537959857314469,0.737656962980723
Bay Pkwy (F),0.647864599730054,0.647640956251756,0.41725608525900715,0.7389840751544425,0.656904805724944,0.6669731842785704
Bay Pkwy (N),0.7111208273838029,0.7112059985374543,0.6927362319256656,0.8250801066775849,0.7667725193766262,0.7591501078192489
Bay Ridge Av (R),0.6403688033981694,0.6402867253377224,0.618376200228818,0.7692198985647383,0.6936259881986448,0.7070502278865738
Bay Ridge-95 St (R),0.6405273289741589,0.6405737567916236,0.6097009406141625,0.7849193353164188,0.7104440362013607,0.7288334002558213
Baychester Av (5),0.6521692625584359,0.6522156870055111,0.584457086889803,0.8162346617397883,0.7554642078583276,0.760826442454085
"Beach 105 St (A,S)",0.15407136699428947,0.15424900592992885,0.039158982796580144,0.2823102226055909,0.1360058964616253,0.24687102793082227
Beach 25 St (A),0.6107167698487277,0.6108511546472546,0.4583925316391433,0.7798627039298347,0.7037006628507068,0.7120168215941989
Beach 36 St (A),0.6045920480615766,0.6043751344139985,0.3038052943288817,0.767859025123172,0.7172483508487195,0.7096756661521859
Beach 44 St (A),0.6019881729924291,0.601927493212495,0.25944471735038577,0.7455809400946625,0.6562472123533822,0.6841694923038579
Beach 60 St (A),0.6155623490483355,0.6156066982715185,0.44353813126746766,0.7645151934807044,0.705354001729463,0.6845940017271182
Beach 67 St-Arverne By The Sea (A),0.5136277143023908,0.5134502048881209,0.3881198870244069,0.6811476238759857,0.6179341145059494,0.5970234406599748
"Beach 90 St (A,S)",0.2574488245821517,0.2577394879338918,0.125215476090204,0.4532236952806409,0.32171644122410004,0.41439127877893944
"Beach 98 St (A,S)",0.2956280089224347,0.29553186588954095,0.06521122842633198,0.4859149739240648,0.3745396187994897,0.4114497559694793
Bedford Av (L),0.5599247392756792,0.5599747068122618,0.5564358710564172,0.7159441649808708,0.6302077077396516,0.6090770419076298
"Bedford Park Blvd (B,D)",0.6234385168918927,0.6234594728101224,0.5984932562136294,0.7698305550232125,0.6942487967452577,0.7127416410991376
Bedford Park Blvd-Lehman College (4),0.5989586918581983,0.5989446896611806,0.5491317277922358,0.695191517491093,0.6070526458815566,0.6171324229726056
Bedford-Nostrand Avs (G),0.6173830129615712,0.6171557599530519,0.5939870745615233,0.7873180782207774,0.7291687712885315,0.6944398116322252
"Bergen St (2,3)",0.5222886260639427,0.522312190342642,0.46959785438884105,0.681974786863812,0.6017957551109023,0.612742967010815
"Bergen St (F,G)",0.6259118486259866,0.6261208807430082,0.6120428751410657,0.7457031932983865,0.6492081577157539,0.6654765586080549
Beverley Rd (Q),0.5457123348636348,0.5457239849399135,0.4824318686123177,0.690022866502741,0.6259731211401077,0.6123625151400797
"Beverly Rd (2,5)",0.6386357485924068,0.638337432291121,0.5964730282939689,0.798672203563493,0.7472306314558789,0.7365904036671991
"Bowery (J,Z)",0.6347317386731305,0.6347208151886491,0.5747544609262198,0.6944240784932874,0.61206038579253,0.6271516976674425
"Bowling Green (4,5)",0.690770678349526,0.6906163762243711,0.6865971323721841,0.8203554275325091,0.7567404790706691,0.751327200262823
"Briarwood-Van Wyck Blvd (E,F)",0.6555788685940573,0.6552696112065597,0.616196957313492,0.7982925384572344,0.7202818084273275,0.7328881211381721
"Brighton Beach (B,Q)",0.6366741758967666,0.6365621928815153,0.6208263613547009,0.7526865242761738,0.6764603214325551,0.6562760905260223
"Broad Channel (A,S)",0.5239481816297508,0.524035512509821,0.043723664343639945,0.6980668710726265,0.6237188974888608,0.6524059716368307
"Broad St (J,Z)",0.6733798982133954,0.6733695352845572,0.6610068821554952,0.8139879003285261,0.7563300115428592,0.7750700117507036
Broadway (G),0.607775625457116,0.6077370925468268,0.5466466225274114,0.7289553326640846,0.6354914650697059,0.6331529725718649
"Broadway (N,W)",0.5961650967431291,0.5963153091600017,0.5860108236581147,0.776155058275686,0.7009191550117146,0.7000823765931294
"Broadway Junction (A,C,J,L,Z)",0.6049897793220447,0.6051849806675169,0.5752941552552648,0.6984277403774513,0.6268864145363008,0.6293217894382237
"Broadway-Lafayette St (B,D,F,M)/Bleecker St (6)",0.7209131344979813,0.7211058442744969,0.7197316260813679,0.7740991102028508,0.6989252023185559,0.7259437552828863
"Bronx Park East (2,5)",0.660092671773209,0.6599225334347305,0.5511139653048399,0.8117489153152753,0.7572690528617727,0.7455698949517405
Brook Av (6),0.6722758982223657,0.671953506988078,0.6090758246735642,0.776399859678127,0.7110520151558426,0.68958537741917
"Brooklyn Bridge-City Hall (4,5,6)/Chambers St (J,Z)",0.6917997222484826,0.6919115223088419,0.6897855591532065,0.8067055226113937,0.7312358662832413,0.7508789153244058
Buhre Av (6),0.671638747041363,0.6715390231876583,0.6351284762674749,0.8451502676018715,0.7674952831164914,0.8028910212094509
"Burke Av (2,5)",0.6437742764401015,0.6438679209137166,0.5672426266226935,0.7994339922733333,0.7409058480284829,0.7456284772079054
Burnside Av (4),0.7012803296687862,0.7013487367887126,0.6751246553613977,0.7823849988915178,0.7153905407028895,0.7063652206952697
Bushwick Av-Aberdeen St (L),0.6215131611166448,0.6212521618592843,0.4715919882527053,0.758342917714589,0.6937420116612767,0.6504716020450569
Canal St (1),0.6772087739710027,0.6770490417487971,0.651809609381896,0.7952680848842965,0.7376621392566771,0.7357869228727844
"Canal St (A,C,E)",0.6572865730349242,0.6571002433791944,0.6527586863922736,0.7912220400727547,0.7454124767698529,0.725726394798579
"Canal St (J,N,Q,R,W,Z,6)",0.7384777640814302,0.7387150982326594,0.7382978636513269,0.7800803540522763,0.7093220094442831,0.7420260683958562
Canarsie-Rockaway Pkwy (L),0.6389930293829134,0.6387861226407803,0.5705645371090446,0.7887720053448015,0.7431620183367471,0.722691026452567
"Carroll St (F,G)",0.5961828362984871,0.596094057606144,0.5852100793005387,0.7707507691484476,0.6891218511480712,0.6836347578315296
Castle Hill Av (6),0.6681453133965416,0.6681821107944657,0.638578848340686,0.8138470123814292,0.7719684228256971,0.7727690621909349
Cathedral Pkwy-110 St (1),0.673267117874501,0.6730540648356633,0.6556974601486086,0.762973266973073,0.6918110087857621,0.6698257136512168
"Cathedral Pkwy-110 St (B,C)",0.6361902841479339,0.6360326981516341,0.6109871870224413,0.7662393715066185,0.6995674384762437,0.6693848573715911
Central Av (M),0.6129649038911005,0.6131584235840102,0.5576036295099545,0.8122586463803719,0.7544853502110548,0.7274980759030161
"Central Park North-110 St (2,3)",0.6708289720228842,0.6708504635424644,0.6390067631180706,0.7790048636257967,0.7071633431263497,0.6991952300865922
"Chambers St (1,2,3)",0.6493321058844865,0.6492965656490092,0.6428493128501926,0.793225823932231,0.72124888049661,0.7309853059747766
"Chambers St (A,C)/WTC (E)/Park Pl (2,3)/Cortlandt (R,W)",0.6617118537988161,0.6620004038815128,0.6613663186160356,0.7900365571194163,0.7054864310187892,0.7336445739061472
"Chauncey St (J,Z)",0.5970652104703911,0.5969573159340504,0.4704685023922661,0.7164248531448976,0.6550011163649703,0.6419250872199174
Christopher St-Sheridan Sq (1),0.55546860573088,0.5557556332821441,0.5490954770955536,0.6563055096471654,0.5838629325028839,0.5671054348811653
"Church Av (2,5)",0.6572673022657723,0.6571796396568896,0.6354362300253433,0.8062271957550606,0.7524628205479218,0.7320472786456647
"Church Av (B,Q)",0.6543531310328862,0.654574487223681,0.6438663190293585,0.8017952786053753,0.7481395255640205,0.7335012392972887
"Church Av (F,G)",0.6611748152294583,0.6613059217406994,0.6476829137076499,0.7888742102839109,0.7312832816348724,0.7334113167099895
"City Hall (R,W)",0.658568301050399,0.6586419978350047,0.6381997316754897,0.7836280961037198,0.7115347785322439,0.7219298998527062
"Clark St (2,3)",0.5150251320563117,0.5147945598606811,0.46899399097783545,0.6530472191625125,0.5776291919941985,0.5437144761985342
Classon Av (G),0.6207170650248439,0.620812947718805,0.5880452419280036,0.7650264792761902,0.6804142803255389,0.6846867125664071
Cleveland St (J),0.656001921553051,0.6558673237643883,0.543855282801951,0.7962921903152381,0.7400616160223719,0.7365326032202779
Clinton-Washington Avs (C),0.5809304058864784,0.5809687300782,0.5606334055263351,0.7599156274117878,0.6646226726000315,0.667193896972936
Clinton-Washington Avs (G),0.6069471924021387,0.6068681550631874,0.5649153428294955,0.7552279750368458,0.665313054690628,0.6490572788003386
"Coney Island-Stillwell Av (D,F,N,Q)",0.4941904094987536,0.49446705580567263,0.4857068127704397,0.6445477782671463,0.5662198565160073,0.5661710623927922
Cortelyou Rd (Q),0.6382725651287982,0.6380949416421842,0.606056370022178,0.8004932343677302,0.7471628719471024,0.7276134408709154
"Court Sq (E,G,M,7)",0.6114084132133973,0.6115956726787508,0.6076568693302808,0.721251262616436,0.6273151602348893,0.6466926410915728
"Court St (R)/Borough Hall (2,3,4,5)",0.6713831753383956,0.6715484479974589,0.6691977982334574,0.7846644741026718,0.6919950012382722,0.7107759767072757
"Crescent St (J,Z)",0.6951148940272065,0.6950351757742383,0.6288530211119514,0.7959552932452171,0.7286287702334864,0.7458096021582987
"Crown Heights-Utica Av (3,4)",0.655434584037794,0.6555947442262344,0.6512855534159812,0.7961553781793735,0.7421510322830471,0.7411233974702246
Cypress Av (6),0.6684852303964886,0.6682525596468136,0.5510609313879321,0.794296830592416,0.7337737256252839,0.7097829095217069
Cypress Hills (J),0.6545484236720569,0.6546834446707688,0.4983755538628196,0.7840184995596635,0.7035846213866808,0.74395441505108
"DeKalb Av (B,Q,R)",0.6712042726019075,0.6713146931455671,0.6650482129140288,0.7702084722803102,0.6891203750771409,0.6915505276555569
DeKalb Av (L),0.6056958774296509,0.6055586489698659,0.5885412948597963,0.752461690496581,0.7098733106897532,0.6470372368881736
"Delancey St (F)/Essex St (J,M,Z)",0.5908809964160779,0.5909056392248172,0.5853663895934329,0.70100798582433,0.610309614714396,0.6196568019519202
Ditmas Av (F),0.653078664712679,0.6530217869618259,0.608825980659345,0.7850448873201524,0.7072046439792685,0.7162367896175397
Dyckman St (1),0.6634017809181494,0.6632350595186913,0.6287596201667229,0.7764051128513447,0.7192597974141246,0.6968031277588846
Dyckman St (A),0.6447483125224596,0.644768075841166,0.6133078892432372,0.7694690404019118,0.6782716495359997,0.6937021514596369
East 105 St (L),0.6464657910751666,0.6463519019184836,0.5710980863359207,0.793008398060443,0.7429071815999997,0.738556587816705
East 143 St-St Mary's St (6),0.6330200461918112,0.6329310584082863,0.4814843504854024,0.7959508641734214,0.7624212760025525,0.731766534027746
East 149 St (6),0.6787237883364139,0.6786774730629925,0.6320670120385805,0.7999075069194643,0.7380284599070962,0.7358828864658602
"East 180 St (2,5)",0.654870171413318,0.6550861247600777,0.6370266991280399,0.7799465543410355,0.718350049873816,0.7242083260761466
East Broadway (F),0.6307280768963581,0.630532787638069,0.6168216641965376,0.7126332622372598,0.6287212862268055,0.6244878231054635
Eastchester-Dyre Av (5),0.659641089134509,0.659701597015117,0.6232168297673043,0.8416461711733296,0.7709198020146231,0.7851270789441599
"Eastern Pkwy-Brooklyn Museum (2,3)",0.5840377756736224,0.5840971348304758,0.5471618009862015,0.711895756878093,0.6153556475360318,0.630764392902111
Elder Av (6),0.6984821317421284,0.6985467249624933,0.6667773029250474,0.8172281809214322,0.7623889054741124,0.7589012891151452
"Elmhurst Av (M,R)",0.6869875046469046,0.6866443705012026,0.6735668048463694,0.8078679745243856,0.7299065002244804,0.7390825607851744
"Euclid Av (A,C)",0.646760232564101,0.6469280788343574,0.6342524047813076,0.7630344650593857,0.6940312763380224,0.7127058395556285
Far Rockaway-Mott Av (A),0.6588970499331372,0.6584983162946323,0.5792380969241047,0.7750246994593052,0.6992410069894218,0.6957612879711663
"Flatbush Av-Brooklyn College (2,5)",0.6439070930071346,0.6438766793973334,0.6339746811069409,0.7976778081687044,0.7409483179126282,0.7229268691083699
Flushing Av (G),0.6501877318165363,0.6502096467090779,0.5819543532571265,0.7684521498767048,0.6978525847081947,0.6929210961299257
"Flushing Av (J,M)",0.6743954958167373,0.6743109832157165,0.6379457082388944,0.7754216161415866,0.6900613087516408,0.6723919115942331
Flushing-Main St (7),0.636745149438197,0.6364713604999216,0.6343793392177982,0.754329835018786,0.6826215774083207,0.6663086614656987
Fordham Rd (4),0.6630727506508594,0.6632189445301897,0.6387869622048272,0.7329980450406557,0.6588765866988364,0.6565648212287268
"Fordham Rd (B,D)",0.648858374540284,0.648935616700512,0.621875097528122,0.7786732044129199,0.6897493009323405,0.6904259684510856
Forest Av (M),0.6403918403019841,0.6403492583136331,0.6055703552411952,0.8279908382788224,0.7762248380612058,0.765494573059605
"Forest Hills-71 Av (E,F,M,R)",0.5945901823982283,0.5947657294489574,0.589701354555036,0.7386749313733085,0.6534326460180067,0.668288978784888
Fort Hamilton Pkwy (D),0.6642960764236783,0.6644272504500026,0.6087170072528852,0.79303852077187,0.7267025917698696,0.7115980861560005
"Fort Hamilton Pkwy (F,G)",0.5749399709353384,0.5751406194028326,0.5590031476203379,0.7619023485570456,0.6871984595364288,0.7005436349729237
Fort Hamilton Pkwy (N),0.6575089983554065,0.657719095634549,0.6424504805383124,0.7954472800313213,0.7319986588546948,0.7500074851807522
"Franklin Av (2,3,4,5)/Botanic Garden (S)",0.6095308805350084,0.6096577161747435,0.6001520600751807,0.7535587719370466,0.6809011686440711,0.6790065720780502
"Franklin Av (C,S)",0.611364281342872,0.6115527555063384,0.5625855548461909,0.7410971844866847,0.6579112446739597,0.640393327996978
Franklin St (1),0.62470490436123,0.6247640887951402,0.6023167579472941,0.7512614483209544,0.6660277301725948,0.6870380590426068
"Freeman St (2,5)",0.6736456156268991,0.673274771573825,0.6054469431031508,0.7837718621449072,0.7260453975992871,0.7115450210954162
Fresh Pond Rd (M),0.6609490246093952,0.6608710646589322,0.6388215150095538,0.8348107132117222,0.7751916810474679,0.7804116421963236
"Fulton St (A,C,J,Z,2,3,4,5)",0.6506854664200414,0.6509536220481403,0.6504649024952038,0.7793573450647766,0.6910120492688555,0.7140468603823525
Fulton St (G),0.586500715065803,0.5863099552530471,0.552000119616262,0.6632332062075932,0.5667857019998754,0.5881471907030698
"Gates Av (J,Z)",0.6261406145999093,0.6263788172712312,0.5939615354027643,0.7608799990188616,0.6923753690856898,0.6729473907626958
Graham Av (L),0.570805305719942,0.571037210247404,0.5526648068274351,0.7530894253721184,0.6794078730472589,0.6525979438273987
"Grand Army Plaza (2,3)",0.5960253712552448,0.5960283455343302,0.5728228089985272,0.7555800738726537,0.6740229600973093,0.662577840398066
"Grand Av-Newtown (M,R)",0.6669937018469616,0.667136806805728,0.6627508488607374,0.8135640722188766,0.7522280911080381,0.7548276090469284
"Grand Central-42 St (S,4,5,6,7)",0.6095042614778814,0.6098380171761093,0.60967900307424,0.7472062928929092,0.6526304791787563,0.6797476741474433
"Grand St (B,D)",0.7099719657291191,0.7099647811738479,0.7043032975684524,0.7619783958850278,0.6759225124142736,0.6924195634633754
Grand St (L),0.6286191142874995,0.6285406810472591,0.589667616369755,0.7439760543509286,0.6553950737184101,0.6524717210133869
Grant Av (A),0.6606024973924893,0.6608016376656872,0.6318741754314292,0.8017665474932139,0.7336019304699922,0.7509291716464415
Greenpoint Av (G),0.5825665686086727,0.5823647123462544,0.5638415802543373,0.7076797246500686,0.5951491073606228,0.6142387302965602
"Gun Hill Rd (2,5)",0.6502682420768484,0.6503890525006397,0.5985265640227216,0.7521448616638196,0.6721942464187209,0.6869129924012753
Gun Hill Rd (5),0.6779364738455483,0.6777705448021358,0.6447177772257578,0.8475127472869669,0.7955601410391613,0.8016059634090712
Halsey St (J),0.6435228360811887,0.6433895040725482,0.5974386114916689,0.76873083949237,0.7235415210762186,0.6908905148833855
Halsey St (L),0.5923838005449246,0.5924692465342656,0.5670133581948997,0.7403462202806568,0.700998291632116,0.6672879128988087
Harlem-148 St (3),0.6308713436018715,0.6308978441712476,0.5682240574943291,0.7790636693404973,0.7086758296477221,0.7163071364777625
"Hewes St (J,M)",0.5818167595059471,0.5815089966273487,0.4464837988710807,0.6936565717567841,0.5882635016457574,0.5968908624349487
"High St (A,C)",0.6337568947432934,0.6336375462476234,0.6110208408497619,0.736948216037955,0.6533256673288697,0.6476792512185406
Houston St (1),0.6393759429258477,0.6392839694916713,0.6313087240260056,0.7845441211323059,0.6847507832206278,0.716913911186695
Howard Beach-JFK Airport (A),0.5519327533796878,0.5517855807176173,0.4077637966429425,0.6472734140061065,0.5892259109582194,0.5835527417841948
"Hoyt St (2,3)",0.6947048613501015,0.6948326237277622,0.6730662434591159,0.7605134037971019,0.6793338903839745,0.6973674105352732
"Hoyt-Schermerhorn Sts (A,C,G)",0.6907080971346056,0.6909171900113611,0.6770179004837903,0.7531873394019358,0.6760587332292597,0.6832277533287807
Hunters Point Av (7),0.6139385427222906,0.6139691332989117,0.5996600199114146,0.7956316719580764,0.7535900409684583,0.7484655645372288
Hunts Point Av (6),0.6775901275227635,0.6777690350567709,0.6606594468292635,0.7933935351436853,0.7218386673391959,0.7309304428287989
"Intervale Av (2,5)",0.6649741436292309,0.6650743315659977,0.5506757573489067,0.7693523999545091,0.6828520915505993,0.6821618414050883
Inwood-207 St (A),0.6140306670295037,0.6141169019579176,0.5922009241142772,0.7396653777130833,0.6951261150013401,0.6614356377567554
"Jackson Av (2,5)",0.655673076805859,0.6554671827676932,0.6021919577967745,0.7762316479914151,0.7060977073244414,0.7045177902102528
"Jamaica Center-Parsons-Archer (E,J,Z)",0.656518892247933,0.6566313864490021,0.6535496279213218,0.7937873148776685,0.7213420544559294,0.7393850531278905
Jamaica-179 St (F),0.656035430091837,0.6562483880723342,0.6532520706515679,0.8321643964606762,0.7879368906937593,0.7917366140132072
Jamaica-Van Wyck (E),0.657707376024756,0.6576964067943476,0.5971710710138365,0.7481494783421279,0.6577435776515791,0.6774162539767911
"Jay St-MetroTech (A,C,F,R)",0.6819161373124618,0.6820827647804488,0.6802767350655179,0.7990075947069599,0.7166989187142938,0.7331169148245398
Jefferson St (L),0.44862300403819055,0.4487424922813591,0.41603394878222233,0.6301511597520695,0.5885136989488744,0.5381732755756936
Junction Blvd (7),0.6621701019117794,0.6623089033787612,0.6598262252843412,0.7814574244499566,0.7147845315747146,0.7269591476897076
Junius St (3),0.6471716756284849,0.6468373859117085,0.49769468232287895,0.7709375554579004,0.6951414803892184,0.6914963543883175
"Kew Gardens-Union Turnpike (E,F)",0.6572922152405409,0.6575016660607429,0.654699769212934,0.7948687540395085,0.7244662853814021,0.7362539376039456
"Kings Hwy (B,Q)",0.6630780672804154,0.6631961554192318,0.6573443024340825,0.7959877328642126,0.7365998640200293,0.7188112945452277
Kings Hwy (F),0.6597769880622155,0.6598502666358061,0.6013414781098927,0.7916393936282987,0.7237885310902594,0.7319858710408755
Kings Hwy (N),0.704162818850175,0.7041675717964528,0.6787157772387267,0.813250173584102,0.7453075549373886,0.7710150037077567
Kingsbridge Rd (4),0.6753397063301687,0.6753526045948908,0.6540671522838701,0.7572760263851724,0.6779279406061544,0.6922904998145356
"Kingsbridge Rd (B,D)",0.6712235526047625,0.6713428238026327,0.6464697368157807,0.8193321112979718,0.7571146049054212,0.7663825380071917
Kingston Av (3),0.6262510127521717,0.626276333011416,0.575081676097345,0.7477988567988063,0.6723185995934784,0.6677065191634193
Kingston-Throop Avs (C),0.6219000083017845,0.6217981666805383,0.5871385849261015,0.7556494667152499,0.7021909768115964,0.6678660716164102
Knickerbocker Av (M),0.6146502552127189,0.6149465650771362,0.5531385132374513,0.7584176612733337,0.7004285827588672,0.6773026064302754
Kosciuszko St (J),0.6019719387953855,0.6019701962526307,0.5546795730842606,0.7400629590754528,0.6812389267131174,0.6631534256206028
Lafayette Av (C),0.6134103663256485,0.6132354671687771,0.5590955970123244,0.6905648067486476,0.6007398882510973,0.6107542063829712
"Lexington Av (N,R,W)/59 St (4,5,6)",0.697287360975587,0.6975562233031074,0.6968633734690288,0.7973490432859482,0.7138031292963294,0.7501126857496113
"Lexington Av-53 St (E,M)/51 St (6)",0.6592473447549482,0.6595281762689404,0.659015690126537,0.8296412629902625,0.752261547006793,0.7745315332733478
"Lexington Av-63 St (F,Q)",0.7190759819542603,0.7192607729322298,0.7128609142428254,0.8075379110360499,0.7255178866299368,0.7547686353565044
Liberty Av (C),0.6571365548191703,0.657118405172838,0.5209730999776743,0.7789279147112881,0.7094853115656072,0.6967965705848188
Livonia Av (L),0.6646116845064494,0.6648718430787643,0.5600864401926215,0.7991875389571211,0.7370908072966301,0.7286556023048403
Longwood Av (6),0.6653236804793343,0.6653000247519578,0.5806449977299469,0.7941608290579878,0.7393844073963542,0.7099236146050616
"Lorimer St (J,M)",0.6397937787896132,0.6395513959939235,0.556502020528966,0.7452978619846667,0.6542040679829181,0.6496845289503607
Lorimer St (L)/Metropolitan Av (G),0.5047725538105663,0.5048085156030698,0.49128082370377735,0.665623849835375,0.6410680418187915,0.5784481012616933
Marble Hill-225 St (1),0.6625078552874136,0.6625922709702272,0.614913326147629,0.8065814436923653,0.7373835779636964,0.726255296437642
"Marcy Av (J,M,Z)",0.5830904163580701,0.5832135991093785,0.56908991005502,0.7145590460707627,0.5976791338346004,0.6200337798830375
Mets-Willets Point (7),0.127700203475706,0.1277271119919291,0.12836436980966515,0.19574723602216282,-0.10297839741334425,0.19473323919514662
Middle Village-Metropolitan Av (M),0.6237264439600282,0.6236800010557355,0.5795972481784646,0.7882075605266547,0.7217926775324763,0.7198144251994614
Middletown Rd (6),0.6029706209142017,0.6029943020224471,0.5187856777217079,0.7911472836400508,0.7016305680423597,0.7288797194818113
Montrose Av (L),0.5616302487388751,0.5617570419658597,0.5260972958170058,0.7257488403200256,0.665756271532775,0.6164728305953312
Morgan Av (L),0.6249732390000295,0.6246482039886345,0.5858823149077197,0.7313385152580913,0.6285003380101687,0.6287931454307416
Morris Park (5),0.6248792711706618,0.6248528203464749,0.5760585304496394,0.8031725921538959,0.7630324878847512,0.7590789877143608
Morrison Av-Soundview (6),0.7047186178503508,0.7047108961134023,0.6772611307605882,0.836043114472552,0.7697145376359323,0.7914209350660476
Mosholu Pkwy (4),0.6679911868216424,0.667970027912828,0.636967985636024,0.7638788754784063,0.689193316249968,0.6864027277639146
Mt Eden Av (4),0.6916820163665556,0.6918098004114884,0.6316872055012306,0.7882561340101161,0.7151535897140608,0.7179412138145509
"Myrtle Av (J,M,Z)",0.5992856691221086,0.5993586701564465,0.5843920160475499,0.7418129176046615,0.6494743799758849,0.6559117442708123
Myrtle-Willoughby Avs (G),0.6507589021547853,0.6505474065337498,0.611300507120897,0.7906770434636625,0.7343401253141487,0.7046159907873708
"Myrtle-Wyckoff Avs (L,M)",0.6601926450909534,0.6602725263926037,0.6543000836184127,0.7882531705683201,0.740036002764755,0.7024445493268956
Nassau Av (G),0.5787702174279424,0.5788845087614736,0.5576218737165664,0.7117329340994059,0.61935215711393,0.6267290064571562
Neck Rd (Q),0.6632924644359306,0.6632523585275076,0.6258392269369625,0.8104101914166018,0.7436850239769803,0.7564540225490499
Neptune Av (F),0.6396729280906037,0.6393204955191094,0.4488030625589482,0.7410140605066102,0.667256797528392,0.6583163253436439
"Nereid Av (2,5)",0.6374687117740816,0.6375271400086431,0.567145764426342,0.8023881220945465,0.7455511752439372,0.7440664349765039
"Nevins St (2,3,4,5)",0.6531160690069039,0.6532794626016978,0.6313637588842184,0.7403769902040752,0.6461135977479582,0.6652478849915577
New Lots Av (3),0.6458644037617142,0.6456711624331416,0.600441158304148,0.7723970349314788,0.6829843318620079,0.7117476959662572
New Lots Av (L),0.6771618043009516,0.6770901945219105,0.614873813977771,0.8133459496967406,0.7532844023210552,0.7559476610825913
New Utrecht Av (N)/62 St (D),0.6828580946363234,0.6825082592217946,0.6298178851101406,0.7707494295302423,0.6920154779105439,0.684584657661896
"Newkirk Av (2,5)",0.6607598770211764,0.6607085627030317,0.635215326322343,0.8060926187488702,0.7417186719459872,0.7488092523699215
"Newkirk Plaza (B,Q)",0.657317890569432,0.657246485006767,0.6438415857872186,0.7984391575887321,0.7311941874604856,0.7369650870106939
"Northern Blvd (M,R)",0.6633580462367856,0.6630785336612384,0.6293895237372599,0.7976229590516437,0.7127373633299607,0.7201376641415769
"Norwood Av (J,Z)",0.6823069423651333,0.6823301951038533,0.572578465533904,0.7996993790634941,0.7129653006566783,0.7472907741855219
Norwood-205 St (D),0.6829976854489712,0.683298177932486,0.665761925900833,0.8231136761712246,0.7667386313918522,0.7632394485399505
Nostrand Av (3),0.6235421195337922,0.6234293752980002,0.5352559516634385,0.7439203488856498,0.6711090069533937,0.6516189324930163
"Nostrand Av (A,C)",0.6269782017693624,0.6267357419842158,0.6175683143901411,0.7673928001160615,0.6787667661589056,0.6722038882206304
Ocean Pkwy (Q),0.6266380850602913,0.6264073386755464,0.5170771088872008,0.7329912205871569,0.662478625518359,0.6292891325972123
Ozone Park-Lefferts Blvd (A),0.6766369801917973,0.6766077583502575,0.6610623720645792,0.8370679658905612,0.8057960024791893,0.8013733680704475
Park Pl (S),0.5883119464902935,0.5881503152413522,0.36610910387673323,0.7349786378609429,0.6545907353708713,0.647202017720425
Parkchester (6),0.6635112622553934,0.6636536431461575,0.6583060222404291,0.7962625898823127,0.7356884003833868,0.7453963374351504
Parkside Av (Q),0.6098069007590177,0.6098257713904514,0.5689100449867335,0.7562035980700935,0.6826859789151438,0.6647395083112061
Parsons Blvd (F),0.6272263597559053,0.6274437539202471,0.601564283162531,0.727685764156977,0.6436194114781479,0.6622277153787894
Pelham Bay Park (6),0.6456926744851588,0.6456057472296823,0.6118206738803327,0.8018250161381519,0.7479833547821346,0.7507143359826154
"Pelham Pkwy (2,5)",0.6012239461700621,0.6014563869613567,0.5758761249009796,0.7086813178931928,0.6204891719337069,0.6471625619416999
Pelham Pkwy (5),0.6582012153411785,0.6581365346692652,0.5948411326947662,0.8065011404119287,0.755357177405853,0.7496626864031117
Pennsylvania Av (3),0.6738278216511319,0.6737438396036697,0.604683002197262,0.7832069906853076,0.7141854073312739,0.7108835388503837
"President St (2,5)",0.6304553798049843,0.6303559314095257,0.5684330024087662,0.7804051911246643,0.7033188802207002,0.6953003010302722
"Prince St (R,W)",0.7354341062274771,0.735446402012047,0.7306082252547841,0.7761066626588248,0.7208696674585151,0.7395009755109083
"Prospect Av (2,5)",0.6629314298257839,0.6628731278051643,0.6251334509360258,0.776063770719208,0.7010304651646004,0.6996987099611063
Prospect Av (R),0.6190134605558004,0.618999595583456,0.5857522356813525,0.7847199157016624,0.7009806975892454,0.7001949105454699
"Prospect Park (B,Q,S)",0.5935720051786294,0.5936284648936028,0.5765205205243094,0.7455064924384044,0.6746971590310067,0.6545338330089973
"Queens Plaza (E,M,R)",0.6042789977715368,0.6042363790533374,0.5972257289676149,0.7143541962115327,0.6069007127762477,0.6315910523633004
"Queensboro Plaza (N,W,7)",0.6338044482613694,0.6339090006268209,0.6255433873759413,0.7304337354639501,0.6282670173422755,0.6471256864985985
Ralph Av (C),0.640515999618653,0.6405129114111018,0.5890099890264245,0.786103744100022,0.7348331138306909,0.7012419347626199
Rector St (1),0.6648588507798626,0.6649205514980504,0.6401840910383734,0.7722703975224571,0.6907333161506496,0.6830351269617203
"Rector St (R,W)",0.6446860551435639,0.6445224979225919,0.6119211407583921,0.7605898992775557,0.686621988453826,0.6781237763574767
Rockaway Av (3),0.6751646310994235,0.675134879381402,0.6169389382091175,0.814362171523685,0.7499455824326595,0.7407401516685034
Rockaway Av (C),0.6642689951069312,0.6642750389822415,0.6180376276078485,0.8054025313617357,0.7476365785025869,0.7394491210395557
Rockaway Blvd (A),0.6505143578704466,0.6504218376599635,0.6270034407793154,0.8083177488027582,0.7471707356386103,0.7491785992366369
"Rockaway Park-Beach 116 St (A,S)",0.43700691805354597,0.43690286800740186,0.09474483881742746,0.5821683831519167,0.48082277691436937,0.5137789522886431
Roosevelt Island (F),0.628559450482385,0.628418097157481,0.6077058583305514,0.7675161236353417,0.6865737493816042,0.6774768634104253
Saratoga Av (3),0.673903644241558,0.6738981952872121,0.6360292258733988,0.8117542956361533,0.7440317923483265,0.7657800652577718
Seneca Av (M),0.5981312044031684,0.5983156555626288,0.5252273814814312,0.7654578507541295,0.7168465608578909,0.6859909698348321
"Sheepshead Bay (B,Q)",0.651240341189981,0.651384863686113,0.642187402283511,0.7973662191554984,0.7310011798892165,0.7377809665286614
Shepherd Av (C),0.6825114912263411,0.682440483023786,0.5973479166823632,0.8208381243855903,0.7649542404135272,0.7681073853100405
"Simpson St (2,5)",0.6721282775453212,0.6721726080904568,0.6300000551739702,0.765653178660614,0.6870634876458623,0.6859618352283663
"Smith-9 Sts (F,G)",0.6845605002662516,0.6845720782745742,0.6251686342516248,0.7899887893453419,0.7125355583540238,0.710885680049202
"South Ferry (1)/Whitehall St (R,W)",0.660593220567639,0.6609281260019852,0.6591941285933685,0.7617244376464339,0.6736708039483761,0.6994438974331134
Spring St (6),0.7229128162232499,0.7228623965404164,0.7122938690972034,0.7770955238414254,0.692185373515739,0.7131079355925594
"Spring St (C,E)",0.6929177056036253,0.6930177495798594,0.6874382074012036,0.7980800417624653,0.7300761578231885,0.7415425506844046
St George,0.7260317349751217,0.726016577919919,0.7110397956837335,0.9371602629202339,0.9168586870381435,0.8906212052779094
St Lawrence Av (6),0.6987788398399104,0.6985577462564955,0.6399707885589179,0.8130064573936625,0.7577341673844822,0.7539539929203931
"Steinway St (M,R)",0.6402174133193017,0.6404065379435776,0.623862370915387,0.7677786940416924,0.7008057360747055,0.6809538066973136
"Sterling St (2,5)",0.6323553775304374,0.6322233946203644,0.5958888515984282,0.7946420908909624,0.7299064495855141,0.7065249080381816
Sutphin Blvd (F),0.6572466053081976,0.6570406471508858,0.5851453246804527,0.786331349880146,0.7322411625393246,0.6982666822790244
"Sutphin Blvd-Archer Av-JFK Airport (E,J,Z)",0.6155944371104304,0.6158188142383105,0.6101531399708426,0.7336628175361681,0.6410095605342064,0.6655555598244135
Sutter Av (L),0.6945440786861485,0.6942414122672038,0.5681676849480954,0.8077175767505788,0.7470850800487301,0.7358851176553838
Sutter Av-Rutland Rd (3),0.6677258973900406,0.6674121606783632,0.6333523752144864,0.7964215637678412,0.73335053519867,0.739320907616259
"Times Sq-42 St (N,Q,R,W,S,1,2,3,7)/42 St (A,C,E)/Bryant Pk (B,D,F,M)/5 Av (7)",0.6248641681061848,0.6251472535095849,0.6249649723684476,0.7315179984059108,0.6490932104926429,0.664190290095626
Tompkinsville,0.6598661737885089,0.6598093158375925,0.04432272884548294,0.7714848600407052,0.7300709861422598,0.6977738094543418
"Tremont Av (B,D)",0.6786263126501306,0.6786744641178246,0.6543186363976627,0.8276930627423132,0.7681566914615499,0.7708918427709273
Union St (R),0.586019650310075,0.58583310761976,0.5513410779009612,0.736347930003588,0.6506361128657527,0.6497544889136073
"Utica Av (A,C)",0.6528054080818141,0.6529156847463808,0.6417222253642338,0.7818445977739856,0.7128785863336561,0.7030458653024083
Van Cortlandt Park-242 St (1),0.6503063135332142,0.6501702083552031,0.6272616206246748,0.806787252565927,0.7481200853210033,0.7411987599815848
Van Siclen Av (3),0.6610653479729935,0.6609071412753693,0.5587651528823137,0.8116377905340812,0.7535820824952222,0.7502863151776662
Van Siclen Av (C),0.6800856234727104,0.6800086017938916,0.5697387177526315,0.8089506565295338,0.7464838918787875,0.7506899509990754
"Van Siclen Av (J,Z)",0.662190012319877,0.6622539647273593,0.5575021037536103,0.8034264313615964,0.7307069218484877,0.7392339818367717
Vernon Blvd-Jackson Av (7),0.5754743378446883,0.5754157873836961,0.5657063448002472,0.7628122504124297,0.6978373656726953,0.6729721823476792
WTC Cortlandt (1),0.6284808334840548,0.6286825557385183,0.6216505510353618,0.7346837296129108,0.6411310828979573,0.6671619006010829
Wakefield-241 St (2),0.6479863550925109,0.6480626090764834,0.5759269032404066,0.7708989059345202,0.7024786846295956,0.7024219384098893
"Wall St (2,3)",0.6289605770916242,0.6289765825683864,0.6243482996347294,0.812850690893048,0.7406849350390978,0.7448349051640462
"Wall St (4,5)",0.6371548545348611,0.6373387520775086,0.6337379623339597,0.7846658038015224,0.7156021435172844,0.717652691658189
"West 4 St-Washington Sq (A,B,C,D,E,F,M)",0.6576564874284845,0.6577942158114094,0.6568015832599705,0.7277203401250356,0.6303120169752764,0.6548681021894811
"West 8 St-New York Aquarium (F,Q)",0.5066427171522856,0.5066500065328303,0.4475730352695858,0.6727793814145561,0.5920905733587967,0.5895014808589552
"West Farms Sq-East Tremont Av (2,5)",0.6682168391268177,0.6683372505821918,0.6108999906822417,0.7681286345741566,0.6870590706098034,0.6897481957994474
Westchester Sq-East Tremont Av (6),0.6791367189936317,0.6789796106004,0.6210456570646519,0.8186230495924117,0.7631977351851662,0.7383860834830458
Whitlock Av (6),0.6714705190981877,0.6714434202781268,0.5264283513659569,0.8012791828037774,0.7494778606493003,0.7406497088717509
Wilson Av (L),0.6342648753471845,0.6342479293948684,0.5777413701788185,0.7727767935714158,0.7208791932827794,0.692211067250633
"Winthrop St (2,5)",0.6525508485151146,0.6526266356857737,0.6325026408564609,0.7866972086060744,0.7239469297263696,0.7068257282258055
"Woodhaven Blvd (J,Z)",0.6591362990373772,0.6589967864835257,0.5944948536801996,0.7934557503413102,0.7638216141599588,0.7403777665202567
"Woodhaven Blvd (M,R)",0.6655531266035422,0.6654893137125731,0.6555374549465374,0.7963174226659072,0.7332894493709079,0.7200992830464119
Woodlawn (4),0.6241728242356654,0.6242412426455266,0.5929006773530658,0.7813011106123422,0.717867676344121,0.7260579045083388
Woodside-61 St (7),0.657920962480678,0.6579876107526075,0.6516148450678025,0.7983227866403123,0.73129041951448,0.7352583940300297
York St (F),0.6429033770576928,0.6428989744924904,0.6320245821281374,0.7200869903993332,0.6339558514444769,0.6561313410856284
Zerega Av (6),0.6131284686111089,0.6130186599601692,0.5341246947711067,0.7694540713918746,0.719481732554674,0.7066589643942798
